Country,Year,Forest Coverage
 Afghanistan,1990,2.1
 Albania,1990,28.8
 Algeria,1990,0.7
 Andorra,1990,34.0
 Angola,1990,48.9
 Antigua and Barbuda,1990,23.4
 Argentina,1990,12.7
 Armenia,1990,11.8
 Australia,1990,16.7
 Austria,1990,45.7
 Azerbaijan,1990,10.2
 Bahamas,1990,51.4
 Bahrain,1990,0.3
 Bangladesh,1990,11.5
 Barbados,1990,14.7
 Belarus,1990,38.4
 Belgium,1990,..
 Belize,1990,70.8
 Benin,1990,51.1
 Bhutan,1990,53.6
 Bolivia (Plurinational State of),1990,58.0
 Bosnia and Herzegovina,1990,43.2
 Botswana,1990,24.2
 Brazil,1990,65.4
 Brunei Darussalam,1990,78.4
 Bulgaria,1990,30.1
 Burkina Faso,1990,25.0
 Burundi,1990,11.3
 Cabo Verde,1990,14.3
 Cambodia,1990,73.3
 Cameroon,1990,51.4
 Canada,1990,38.3
 Central African Republic,1990,36.2
 Chad,1990,5.3
 Chile,1990,20.5
 China,1990,16.7
 Colombia,1990,58.1
 Comoros,1990,26.3
 Congo,1990,66.5
 Congo (Democratic Republic of the),1990,70.7
 Costa Rica,1990,50.2
 Croatia,1990,33.1
 Cuba,1990,19.2
 Cyprus,1990,17.4
 Czechia,1990,34.0
 Côte d'Ivoire,1990,32.1
 Denmark,1990,12.8
 Djibouti,1990,0.2
 Dominica,1990,66.7
 Dominican Republic,1990,22.9
 Ecuador,1990,52.8
 Egypt,1990,0.0
 El Salvador,1990,18.2
 Equatorial Guinea,1990,66.3
 Eritrea,1990,16.1
 Estonia,1990,52.0
 Eswatini (Kingdom of),1990,27.4
 Ethiopia,1990,..
 Fiji,1990,52.2
 Finland,1990,71.8
 France,1990,26.4
 Gabon,1990,85.4
 Gambia,1990,43.7
 Georgia,1990,39.6
 Germany,1990,32.4
 Ghana,1990,37.9
 Greece,1990,25.6
 Grenada,1990,50.0
 Guatemala,1990,44.3
 Guinea,1990,29.6
 Guinea-Bissau,1990,78.8
 Guyana,1990,84.6
 Haiti,1990,4.2
 Honduras,1990,72.7
 Hungary,1990,20.0
 Iceland,1990,0.2
 India,1990,21.5
 Indonesia,1990,65.4
 Iran (Islamic Republic of),1990,5.6
 Iraq,1990,1.8
 Ireland,1990,6.8
 Israel,1990,6.1
 Italy,1990,25.8
 Jamaica,1990,31.8
 Japan,1990,68.4
 Jordan,1990,1.1
 Kazakhstan,1990,1.3
 Kenya,1990,8.3
 Kiribati,1990,15.0
 Korea (Democratic People's Rep. of),1990,68.1
 Korea (Republic of),1990,66.0
 Kuwait,1990,0.2
 Kyrgyzstan,1990,4.4
 Lao People's Democratic Republic,1990,76.5
 Latvia,1990,51.0
 Lebanon,1990,12.8
 Lesotho,1990,1.3
 Liberia,1990,51.2
 Libya,1990,0.1
 Liechtenstein,1990,40.6
 Lithuania,1990,31.0
 Luxembourg,1990,..
 Madagascar,1990,23.5
 Malawi,1990,41.3
 Malaysia,1990,68.1
 Maldives,1990,3.3
 Mali,1990,5.5
 Malta,1990,1.1
 Marshall Islands,1990,..
 Mauritania,1990,0.4
 Mauritius,1990,20.2
 Mexico,1990,35.9
 Micronesia (Federated States of),1990,..
 Moldova (Republic of),1990,9.7
 Mongolia,1990,8.1
 Montenegro,1990,46.5
 Morocco,1990,11.1
 Mozambique,1990,55.2
 Myanmar,1990,60.0
 Namibia,1990,10.6
 Nauru,1990,0.0
 Nepal,1990,33.7
 Netherlands,1990,10.2
 New Zealand,1990,36.7
 Nicaragua,1990,37.5
 Niger,1990,1.5
 Nigeria,1990,18.9
 North Macedonia,1990,35.9
 Norway,1990,33.2
 Oman,1990,0.0
 Pakistan,1990,3.3
 Palau,1990,..
" Palestine, State of",1990,1.5
 Panama,1990,67.8
 Papua New Guinea,1990,74.3
 Paraguay,1990,53.3
 Peru,1990,60.9
 Philippines,1990,22.0
 Poland,1990,29.0
 Portugal,1990,37.6
 Qatar,1990,0.0
 Romania,1990,27.8
 Russian Federation,1990,49.4
 Rwanda,1990,12.9
 Saint Kitts and Nevis,1990,42.3
 Saint Lucia,1990,35.7
 Saint Vincent and the Grenadines,1990,64.1
 Samoa,1990,45.9
 San Marino,1990,0.0
 Sao Tome and Principe,1990,58.3
 Saudi Arabia,1990,0.5
 Senegal,1990,48.6
 Serbia,1990,28.3
 Seychelles,1990,88.4
 Sierra Leone,1990,43.2
 Singapore,1990,24.4
 Slovakia,1990,40.0
 Slovenia,1990,59.0
 Solomon Islands,1990,83.0
 Somalia,1990,13.2
 South Africa,1990,7.6
 Spain,1990,27.6
 Sri Lanka,1990,36.4
 Suriname,1990,98.9
 Sweden,1990,68.4
 Switzerland,1990,29.1
 Syrian Arab Republic,1990,2.0
 Tajikistan,1990,2.9
 Tanzania (United Republic of),1990,63.1
 Thailand,1990,27.4
 Timor-Leste,1990,65.0
 Togo,1990,12.6
 Tonga,1990,12.5
 Trinidad and Tobago,1990,46.9
 Tunisia,1990,4.1
 Turkey,1990,12.5
 Turkmenistan,1990,8.8
 Tuvalu,1990,33.3
 Uganda,1990,23.8
 Ukraine,1990,16.0
 United Arab Emirates,1990,3.5
 United Kingdom,1990,11.5
 United States,1990,33.0
 Uruguay,1990,4.6
 Uzbekistan,1990,7.2
 Vanuatu,1990,36.1
 Venezuela (Bolivarian Republic of),1990,59.0
 Viet Nam,1990,28.8
 Yemen,1990,1.0
 Zambia,1990,71.0
 Zimbabwe,1990,57.3
 Afghanistan,1995,2.1
 Albania,1995,28.4
 Algeria,1995,0.7
 Andorra,1995,34.0
 Angola,1995,48.4
 Antigua and Barbuda,1995,23.1
 Argentina,1995,12.2
 Armenia,1995,11.7
 Australia,1995,16.8
 Austria,1995,46.1
 Azerbaijan,1995,10.4
 Bahamas,1995,51.4
 Bahrain,1995,0.4
 Bangladesh,1995,11.4
 Barbados,1995,14.7
 Belarus,1995,39.6
 Belgium,1995,..
 Belize,1995,67.4
 Benin,1995,48.0
 Bhutan,1995,64.2
 Bolivia (Plurinational State of),1995,56.7
 Bosnia and Herzegovina,1995,42.9
 Botswana,1995,23.2
 Brazil,1995,63.9
 Brunei Darussalam,1995,76.8
 Bulgaria,1995,30.3
 Burkina Faso,1995,23.9
 Burundi,1995,9.5
 Cabo Verde,1995,17.4
 Cambodia,1995,69.4
 Cameroon,1995,49.1
 Canada,1995,38.3
 Central African Republic,1995,36.1
 Chad,1995,5.2
 Chile,1995,20.9
 China,1995,17.8
 Colombia,1995,56.9
 Comoros,1995,25.3
 Congo,1995,66.3
 Congo (Democratic Republic of the),1995,70.0
 Costa Rica,1995,48.4
 Croatia,1995,33.4
 Cuba,1995,20.9
 Cyprus,1995,18.0
 Czechia,1995,34.1
 Côte d'Ivoire,1995,32.3
 Denmark,1995,13.3
 Djibouti,1995,0.2
 Dominica,1995,64.9
 Dominican Republic,1995,26.8
 Ecuador,1995,51.2
 Egypt,1995,0.1
 El Salvador,1995,17.1
 Equatorial Guinea,1995,64.2
 Eritrea,1995,15.8
 Estonia,1995,52.5
 Eswatini (Kingdom of),1995,28.8
 Ethiopia,1995,14.4
 Fiji,1995,52.9
 Finland,1995,72.8
 France,1995,27.1
 Gabon,1995,85.4
 Gambia,1995,44.6
 Georgia,1995,39.7
 Germany,1995,32.4
 Ghana,1995,38.5
 Greece,1995,26.8
 Grenada,1995,50.0
 Guatemala,1995,41.8
 Guinea,1995,28.8
 Guinea-Bissau,1995,77.1
 Guyana,1995,84.5
 Haiti,1995,4.1
 Honduras,1995,64.9
 Hungary,1995,20.7
 Iceland,1995,0.2
 India,1995,21.7
 Indonesia,1995,60.2
 Iran (Islamic Republic of),1995,5.6
 Iraq,1995,1.9
 Ireland,1995,8.0
 Israel,1995,6.6
 Italy,1995,27.1
 Jamaica,1995,31.6
 Japan,1995,68.3
 Jordan,1995,1.1
 Kazakhstan,1995,1.3
 Kenya,1995,7.3
 Kiribati,1995,15.0
 Korea (Democratic People's Rep. of),1995,62.8
 Korea (Republic of),1995,65.6
 Kuwait,1995,0.2
 Kyrgyzstan,1995,4.4
 Lao People's Democratic Republic,1995,74.0
 Latvia,1995,51.6
 Lebanon,1995,12.8
 Lesotho,1995,1.4
 Liberia,1995,49.6
 Libya,1995,0.1
 Liechtenstein,1995,41.9
 Lithuania,1995,31.6
 Luxembourg,1995,..
 Madagascar,1995,23.0
 Malawi,1995,39.6
 Malaysia,1995,66.9
 Maldives,1995,3.3
 Mali,1995,5.2
 Malta,1995,1.1
 Marshall Islands,1995,70.2
 Mauritania,1995,0.4
 Mauritius,1995,20.4
 Mexico,1995,35.4
 Micronesia (Federated States of),1995,91.0
 Moldova (Republic of),1995,9.8
 Mongolia,1995,7.8
 Montenegro,1995,46.5
 Morocco,1995,11.1
 Mozambique,1995,53.8
 Myanmar,1995,56.7
 Namibia,1995,10.2
 Nauru,1995,0.0
 Nepal,1995,30.5
 Netherlands,1995,10.4
 New Zealand,1995,37.6
 Nicaragua,1995,34.6
 Niger,1995,1.3
 Nigeria,1995,16.7
 North Macedonia,1995,36.8
 Norway,1995,33.2
 Oman,1995,0.0
 Pakistan,1995,3.0
 Palau,1995,84.5
" Palestine, State of",1995,1.5
 Panama,1995,66.6
 Papua New Guinea,1995,74.2
 Paraguay,1995,51.0
 Peru,1995,60.2
 Philippines,1995,22.8
 Poland,1995,29.3
 Portugal,1995,37.0
 Qatar,1995,0.0
 Romania,1995,27.8
 Russian Federation,1995,49.4
 Rwanda,1995,13.4
 Saint Kitts and Nevis,1995,42.3
 Saint Lucia,1995,35.2
 Saint Vincent and the Grenadines,1995,65.4
 Samoa,1995,53.2
 San Marino,1995,0.0
 Sao Tome and Principe,1995,58.3
 Saudi Arabia,1995,0.5
 Senegal,1995,47.4
 Serbia,1995,28.3
 Seychelles,1995,88.4
 Sierra Leone,1995,41.8
 Singapore,1995,24.4
 Slovakia,1995,39.9
 Slovenia,1995,60.1
 Solomon Islands,1995,82.0
 Somalia,1995,12.6
 South Africa,1995,7.6
 Spain,1995,30.8
 Sri Lanka,1995,35.7
 Suriname,1995,98.8
 Sweden,1995,68.5
 Switzerland,1995,29.7
 Syrian Arab Republic,1995,2.2
 Tajikistan,1995,2.9
 Tanzania (United Republic of),1995,60.9
 Thailand,1995,30.4
 Timor-Leste,1995,61.2
 Togo,1995,10.8
 Tonga,1995,12.5
 Trinidad and Tobago,1995,46.2
 Tunisia,1995,4.8
 Turkey,1995,12.9
 Turkmenistan,1995,8.8
 Tuvalu,1995,33.3
 Uganda,1995,21.6
 Ukraine,1995,16.2
 United Arab Emirates,1995,3.9
 United Kingdom,1995,11.8
 United States,1995,33.1
 Uruguay,1995,6.2
 Uzbekistan,1995,7.4
 Vanuatu,1995,36.1
 Venezuela (Bolivarian Republic of),1995,57.4
 Viet Nam,1995,32.4
 Yemen,1995,1.0
 Zambia,1995,69.9
 Zimbabwe,1995,53.1
 Afghanistan,2000,2.1
 Albania,2000,28.1
 Algeria,2000,0.7
 Andorra,2000,34.0
 Angola,2000,47.9
 Antigua and Barbuda,2000,22.7
 Argentina,2000,11.6
 Armenia,2000,11.7
 Australia,2000,16.8
 Austria,2000,46.5
 Azerbaijan,2000,10.6
 Bahamas,2000,51.4
 Bahrain,2000,0.5
 Bangladesh,2000,11.3
 Barbados,2000,14.7
 Belarus,2000,40.8
 Belgium,2000,22.0
 Belize,2000,64.0
 Benin,2000,44.9
 Bhutan,2000,65.5
 Bolivia (Plurinational State of),2000,55.5
 Bosnia and Herzegovina,2000,42.7
 Botswana,2000,22.1
 Brazil,2000,62.4
 Brunei Darussalam,2000,75.3
 Bulgaria,2000,30.5
 Burkina Faso,2000,22.8
 Burundi,2000,7.7
 Cabo Verde,2000,20.4
 Cambodia,2000,65.4
 Cameroon,2000,46.8
 Canada,2000,38.2
 Central African Republic,2000,36.0
 Chad,2000,5.0
 Chile,2000,21.3
 China,2000,18.9
 Colombia,2000,55.7
 Comoros,2000,24.2
 Congo,2000,66.0
 Congo (Democratic Republic of the),2000,69.4
 Costa Rica,2000,46.5
 Croatia,2000,33.7
 Cuba,2000,22.7
 Cyprus,2000,18.6
 Czechia,2000,34.1
 Côte d'Ivoire,2000,32.5
 Denmark,2000,13.8
 Djibouti,2000,0.2
 Dominica,2000,63.1
 Dominican Republic,2000,30.8
 Ecuador,2000,55.3
 Egypt,2000,0.1
 El Salvador,2000,16.0
 Equatorial Guinea,2000,62.1
 Eritrea,2000,15.6
 Estonia,2000,52.9
 Eswatini (Kingdom of),2000,30.1
 Ethiopia,2000,13.7
 Fiji,2000,53.7
 Finland,2000,73.7
 France,2000,27.9
 Gabon,2000,85.4
 Gambia,2000,45.6
 Georgia,2000,39.7
 Germany,2000,32.5
 Ghana,2000,39.2
 Greece,2000,27.9
 Grenada,2000,50.0
 Guatemala,2000,39.3
 Guinea,2000,28.1
 Guinea-Bissau,2000,75.4
 Guyana,2000,84.4
 Haiti,2000,4.0
 Honduras,2000,57.1
 Hungary,2000,21.4
 Iceland,2000,0.3
 India,2000,22.0
 Indonesia,2000,54.9
 Iran (Islamic Republic of),2000,5.7
 Iraq,2000,1.9
 Ireland,2000,9.2
 Israel,2000,7.1
 Italy,2000,28.5
 Jamaica,2000,31.5
 Japan,2000,68.2
 Jordan,2000,1.1
 Kazakhstan,2000,1.2
 Kenya,2000,6.3
 Kiribati,2000,15.0
 Korea (Democratic People's Rep. of),2000,57.6
 Korea (Republic of),2000,65.2
 Kuwait,2000,0.3
 Kyrgyzstan,2000,4.5
 Lao People's Democratic Republic,2000,71.6
 Latvia,2000,52.1
 Lebanon,2000,12.8
 Lesotho,2000,1.4
 Liberia,2000,48.1
 Libya,2000,0.1
 Liechtenstein,2000,43.1
 Lithuania,2000,32.2
 Luxembourg,2000,35.7
 Madagascar,2000,22.4
 Malawi,2000,37.8
 Malaysia,2000,65.7
 Maldives,2000,3.3
 Mali,2000,4.8
 Malta,2000,1.1
 Marshall Islands,2000,70.2
 Mauritania,2000,0.3
 Mauritius,2000,20.6
 Mexico,2000,34.9
 Micronesia (Federated States of),2000,91.2
 Moldova (Republic of),2000,9.9
 Mongolia,2000,7.5
 Montenegro,2000,46.5
 Morocco,2000,11.2
 Mozambique,2000,52.4
 Myanmar,2000,53.4
 Namibia,2000,9.8
 Nauru,2000,0.0
 Nepal,2000,27.2
 Netherlands,2000,10.7
 New Zealand,2000,38.5
 Nicaragua,2000,31.7
 Niger,2000,1.0
 Nigeria,2000,14.4
 North Macedonia,2000,37.7
 Norway,2000,33.2
 Oman,2000,0.0
 Pakistan,2000,2.7
 Palau,2000,86.1
" Palestine, State of",2000,1.5
 Panama,2000,65.5
 Papua New Guinea,2000,74.2
 Paraguay,2000,48.7
 Peru,2000,59.5
 Philippines,2000,23.6
 Poland,2000,29.6
 Portugal,2000,36.5
 Qatar,2000,0.0
 Romania,2000,27.7
 Russian Federation,2000,49.4
 Rwanda,2000,13.9
 Saint Kitts and Nevis,2000,42.3
 Saint Lucia,2000,34.8
 Saint Vincent and the Grenadines,2000,66.7
 Samoa,2000,60.4
 San Marino,2000,0.0
 Sao Tome and Principe,2000,58.3
 Saudi Arabia,2000,0.5
 Senegal,2000,46.2
 Serbia,2000,28.3
 Seychelles,2000,88.4
 Sierra Leone,2000,40.5
 Singapore,2000,24.4
 Slovakia,2000,39.9
 Slovenia,2000,61.2
 Solomon Islands,2000,81.0
 Somalia,2000,12.0
 South Africa,2000,7.6
 Spain,2000,34.0
 Sri Lanka,2000,35.0
 Suriname,2000,98.7
 Sweden,2000,68.6
 Switzerland,2000,30.2
 Syrian Arab Republic,2000,2.4
 Tajikistan,2000,2.9
 Tanzania (United Republic of),2000,58.6
 Thailand,2000,33.3
 Timor-Leste,2000,57.4
 Togo,2000,8.9
 Tonga,2000,12.5
 Trinidad and Tobago,2000,45.5
 Tunisia,2000,5.4
 Turkey,2000,13.2
 Turkmenistan,2000,8.8
 Tuvalu,2000,33.3
 Uganda,2000,19.4
 Ukraine,2000,16.4
 United Arab Emirates,2000,4.4
 United Kingdom,2000,12.2
 United States,2000,33.1
 Uruguay,2000,7.8
 Uzbekistan,2000,7.6
 Vanuatu,2000,36.1
 Venezuela (Bolivarian Republic of),2000,55.7
 Viet Nam,2000,37.7
 Yemen,2000,1.0
 Zambia,2000,68.8
 Zimbabwe,2000,48.8
 Afghanistan,2005,2.1
 Albania,2005,28.6
 Algeria,2005,0.6
 Andorra,2005,34.0
 Angola,2005,47.4
 Antigua and Barbuda,2005,22.3
 Argentina,2005,11.0
 Armenia,2005,11.7
 Australia,2005,16.6
 Austria,2005,46.6
 Azerbaijan,2005,10.6
 Bahamas,2005,51.4
 Bahrain,2005,0.6
 Bangladesh,2005,11.2
 Barbados,2005,14.7
 Belarus,2005,41.6
 Belgium,2005,22.3
 Belize,2005,62.1
 Benin,2005,42.7
 Bhutan,2005,69.7
 Bolivia (Plurinational State of),2005,54.2
 Bosnia and Herzegovina,2005,42.7
 Botswana,2005,21.1
 Brazil,2005,60.6
 Brunei Darussalam,2005,73.8
 Bulgaria,2005,33.6
 Burkina Faso,2005,21.7
 Burundi,2005,7.0
 Cabo Verde,2005,20.7
 Cambodia,2005,60.8
 Cameroon,2005,44.5
 Canada,2005,38.2
 Central African Republic,2005,35.8
 Chad,2005,4.9
 Chile,2005,21.6
 China,2005,20.6
 Colombia,2005,54.3
 Comoros,2005,22.6
 Congo,2005,65.8
 Congo (Democratic Republic of the),2005,68.7
 Costa Rica,2005,48.8
 Croatia,2005,34.0
 Cuba,2005,25.3
 Cyprus,2005,18.7
 Czechia,2005,34.3
 Côte d'Ivoire,2005,32.7
 Denmark,2005,13.1
 Djibouti,2005,0.2
 Dominica,2005,61.3
 Dominican Republic,2005,34.2
 Ecuador,2005,53.7
 Egypt,2005,0.1
 El Salvador,2005,14.9
 Equatorial Guinea,2005,60.1
 Eritrea,2005,15.4
 Estonia,2005,53.1
 Eswatini (Kingdom of),2005,31.5
 Ethiopia,2005,13.0
 Fiji,2005,54.6
 Finland,2005,72.7
 France,2005,29.0
 Gabon,2005,85.4
 Gambia,2005,46.5
 Georgia,2005,39.9
 Germany,2005,32.6
 Ghana,2005,39.8
 Greece,2005,29.1
 Grenada,2005,50.0
 Guatemala,2005,36.7
 Guinea,2005,27.4
 Guinea-Bissau,2005,73.7
 Guyana,2005,84.3
 Haiti,2005,3.8
 Honduras,2005,51.8
 Hungary,2005,22.1
 Iceland,2005,0.4
 India,2005,22.8
 Indonesia,2005,54.0
 Iran (Islamic Republic of),2005,6.6
 Iraq,2005,1.9
 Ireland,2005,10.1
 Israel,2005,7.2
 Italy,2005,29.8
 Jamaica,2005,31.3
 Japan,2005,68.4
 Jordan,2005,1.1
 Kazakhstan,2005,1.2
 Kenya,2005,7.1
 Kiribati,2005,15.0
 Korea (Democratic People's Rep. of),2005,52.3
 Korea (Republic of),2005,64.6
 Kuwait,2005,0.3
 Kyrgyzstan,2005,4.5
 Lao People's Democratic Republic,2005,73.1
 Latvia,2005,53.0
 Lebanon,2005,13.3
 Lesotho,2005,1.4
 Liberia,2005,46.5
 Libya,2005,0.1
 Liechtenstein,2005,43.1
 Lithuania,2005,33.8
 Luxembourg,2005,35.7
 Madagascar,2005,22.1
 Malawi,2005,36.1
 Malaysia,2005,63.6
 Maldives,2005,3.3
 Mali,2005,4.5
 Malta,2005,1.1
 Marshall Islands,2005,70.2
 Mauritania,2005,0.3
 Mauritius,2005,18.8
 Mexico,2005,34.5
 Micronesia (Federated States of),2005,91.4
 Moldova (Republic of),2005,11.0
 Mongolia,2005,7.3
 Montenegro,2005,46.5
 Morocco,2005,12.1
 Mozambique,2005,51.0
 Myanmar,2005,51.0
 Namibia,2005,9.3
 Nauru,2005,0.0
 Nepal,2005,25.4
 Netherlands,2005,10.8
 New Zealand,2005,38.7
 Nicaragua,2005,28.8
 Niger,2005,1.0
 Nigeria,2005,12.2
 North Macedonia,2005,38.3
 Norway,2005,33.1
 Oman,2005,0.0
 Pakistan,2005,2.5
 Palau,2005,87.6
" Palestine, State of",2005,1.5
 Panama,2005,64.3
 Papua New Guinea,2005,74.2
 Paraguay,2005,46.5
 Peru,2005,59.0
 Philippines,2005,23.7
 Poland,2005,30.0
 Portugal,2005,36.0
 Qatar,2005,0.0
 Romania,2005,27.8
 Russian Federation,2005,49.4
 Rwanda,2005,15.6
 Saint Kitts and Nevis,2005,42.3
 Saint Lucia,2005,34.3
 Saint Vincent and the Grenadines,2005,66.7
 Samoa,2005,60.4
 San Marino,2005,0.0
 Sao Tome and Principe,2005,58.3
 Saudi Arabia,2005,0.5
 Senegal,2005,45.0
 Serbia,2005,28.3
 Seychelles,2005,88.4
 Sierra Leone,2005,39.1
 Singapore,2005,23.7
 Slovakia,2005,40.2
 Slovenia,2005,61.7
 Solomon Islands,2005,80.1
 Somalia,2005,11.4
 South Africa,2005,7.6
 Spain,2005,34.6
 Sri Lanka,2005,33.8
 Suriname,2005,98.5
 Sweden,2005,68.8
 Switzerland,2005,30.8
 Syrian Arab Republic,2005,2.5
 Tajikistan,2005,2.9
 Tanzania (United Republic of),2005,56.4
 Thailand,2005,31.5
 Timor-Leste,2005,53.7
 Togo,2005,7.1
 Tonga,2005,12.5
 Trinidad and Tobago,2005,44.8
 Tunisia,2005,5.9
 Turkey,2005,13.9
 Turkmenistan,2005,8.8
 Tuvalu,2005,33.3
 Uganda,2005,17.2
 Ukraine,2005,16.5
 United Arab Emirates,2005,4.4
 United Kingdom,2005,12.5
 United States,2005,33.3
 Uruguay,2005,8.7
 Uzbekistan,2005,7.7
 Vanuatu,2005,36.1
 Venezuela (Bolivarian Republic of),2005,54.1
 Viet Nam,2005,42.2
 Yemen,2005,1.0
 Zambia,2005,67.7
 Zimbabwe,2005,44.6
 Afghanistan,2010,2.1
 Albania,2010,28.3
 Algeria,2010,0.8
 Andorra,2010,34.0
 Angola,2010,46.9
 Antigua and Barbuda,2010,22.3
 Argentina,2010,10.4
 Armenia,2010,11.6
 Australia,2010,16.0
 Austria,2010,46.7
 Azerbaijan,2010,12.2
 Bahamas,2010,51.4
 Bahrain,2010,0.7
 Bangladesh,2010,11.1
 Barbados,2010,14.7
 Belarus,2010,42.1
 Belgium,2010,22.5
 Belize,2010,61.0
 Benin,2010,40.4
 Bhutan,2010,71.0
 Bolivia (Plurinational State of),2010,51.9
 Bosnia and Herzegovina,2010,42.7
 Botswana,2010,20.0
 Brazil,2010,59.6
 Brunei Darussalam,2010,72.1
 Bulgaria,2010,34.4
 Burkina Faso,2010,20.6
 Burundi,2010,9.9
 Cabo Verde,2010,21.1
 Cambodia,2010,57.2
 Cameroon,2010,42.1
 Canada,2010,38.2
 Central African Republic,2010,35.7
 Chad,2010,4.4
 Chile,2010,21.8
 China,2010,21.4
 Colombia,2010,52.8
 Comoros,2010,21.0
 Congo,2010,65.6
 Congo (Democratic Republic of the),2010,68.0
 Costa Rica,2010,51.0
 Croatia,2010,34.3
 Cuba,2010,27.5
 Cyprus,2010,18.7
 Czechia,2010,34.4
 Côte d'Ivoire,2010,32.7
 Denmark,2010,13.8
 Djibouti,2010,0.2
 Dominica,2010,59.5
 Dominican Republic,2010,37.6
 Ecuador,2010,52.1
 Egypt,2010,0.1
 El Salvador,2010,13.9
 Equatorial Guinea,2010,58.0
 Eritrea,2010,15.2
 Estonia,2010,52.7
 Eswatini (Kingdom of),2010,32.7
 Ethiopia,2010,12.3
 Fiji,2010,54.3
 Finland,2010,73.1
 France,2010,30.0
 Gabon,2010,85.4
 Gambia,2010,47.4
 Georgia,2010,40.6
 Germany,2010,32.7
 Ghana,2010,40.4
 Greece,2010,30.3
 Grenada,2010,50.0
 Guatemala,2010,34.7
 Guinea,2010,26.6
 Guinea-Bissau,2010,71.9
 Guyana,2010,84.2
 Haiti,2010,3.7
 Honduras,2010,46.4
 Hungary,2010,22.6
 Iceland,2010,0.4
 India,2010,23.5
 Indonesia,2010,52.1
 Iran (Islamic Republic of),2010,6.6
 Iraq,2010,1.9
 Ireland,2010,10.5
 Israel,2010,7.1
 Italy,2010,30.7
 Jamaica,2010,31.1
 Japan,2010,68.5
 Jordan,2010,1.1
 Kazakhstan,2010,1.2
 Kenya,2010,7.4
 Kiribati,2010,15.0
 Korea (Democratic People's Rep. of),2010,47.1
 Korea (Republic of),2010,64.0
 Kuwait,2010,0.4
 Kyrgyzstan,2010,3.5
 Lao People's Democratic Republic,2010,77.2
 Latvia,2010,53.9
 Lebanon,2010,13.4
 Lesotho,2010,1.4
 Liberia,2010,44.9
 Libya,2010,0.1
 Liechtenstein,2010,43.1
 Lithuania,2010,34.6
 Luxembourg,2010,35.7
 Madagascar,2010,21.6
 Malawi,2010,34.3
 Malaysia,2010,67.3
 Maldives,2010,3.3
 Mali,2010,4.2
 Malta,2010,1.1
 Marshall Islands,2010,70.2
 Mauritania,2010,0.2
 Mauritius,2010,18.9
 Mexico,2010,34.2
 Micronesia (Federated States of),2010,91.6
 Moldova (Republic of),2010,11.8
 Mongolia,2010,8.4
 Montenegro,2010,61.5
 Morocco,2010,12.7
 Mozambique,2010,49.6
 Myanmar,2010,48.6
 Namibia,2010,8.9
 Nauru,2010,0.0
 Nepal,2010,25.4
 Netherlands,2010,11.1
 New Zealand,2010,38.6
 Nicaragua,2010,25.9
 Niger,2010,1.0
 Nigeria,2010,9.9
 North Macedonia,2010,39.6
 Norway,2010,33.1
 Oman,2010,0.0
 Pakistan,2010,2.2
 Palau,2010,87.6
" Palestine, State of",2010,1.5
 Panama,2010,63.2
 Papua New Guinea,2010,74.1
 Paraguay,2010,42.7
 Peru,2010,58.4
 Philippines,2010,22.9
 Poland,2010,30.5
 Portugal,2010,35.4
 Qatar,2010,0.0
 Romania,2010,28.3
 Russian Federation,2010,49.8
 Rwanda,2010,18.1
 Saint Kitts and Nevis,2010,42.3
 Saint Lucia,2010,33.8
 Saint Vincent and the Grenadines,2010,69.2
 Samoa,2010,60.4
 San Marino,2010,0.0
 Sao Tome and Principe,2010,55.8
 Saudi Arabia,2010,0.5
 Senegal,2010,44.0
 Serbia,2010,31.0
 Seychelles,2010,88.4
 Sierra Leone,2010,37.8
 Singapore,2010,23.3
 Slovakia,2010,40.3
 Slovenia,2010,61.9
 Solomon Islands,2010,79.1
 Somalia,2010,10.8
 South Africa,2010,7.6
 Spain,2010,36.5
 Sri Lanka,2010,33.5
 Suriname,2010,98.4
 Sweden,2010,68.4
 Switzerland,2010,31.3
 Syrian Arab Republic,2010,2.7
 Tajikistan,2010,2.9
 Tanzania (United Republic of),2010,54.1
 Thailand,2010,31.8
 Timor-Leste,2010,49.9
 Togo,2010,5.3
 Tonga,2010,12.5
 Trinidad and Tobago,2010,44.1
 Tunisia,2010,6.4
 Turkey,2010,14.6
 Turkmenistan,2010,8.8
 Tuvalu,2010,33.3
 Uganda,2010,13.7
 Ukraine,2010,16.5
 United Arab Emirates,2010,4.5
 United Kingdom,2010,12.6
 United States,2010,33.7
 Uruguay,2010,9.9
 Uzbekistan,2010,7.7
 Vanuatu,2010,36.1
 Venezuela (Bolivarian Republic of),2010,53.9
 Viet Nam,2010,45.6
 Yemen,2010,1.0
 Zambia,2010,66.5
 Zimbabwe,2010,40.4
 Afghanistan,2011,2.1
 Albania,2011,28.3
 Algeria,2011,0.8
 Andorra,2011,34.0
 Angola,2011,46.8
 Antigua and Barbuda,2011,22.3
 Argentina,2011,10.3
 Armenia,2011,11.6
 Australia,2011,16.1
 Austria,2011,46.8
 Azerbaijan,2011,12.5
 Bahamas,2011,51.4
 Bahrain,2011,0.7
 Bangladesh,2011,11.1
 Barbados,2011,14.7
 Belarus,2011,42.2
 Belgium,2011,22.5
 Belize,2011,60.8
 Benin,2011,40.0
 Bhutan,2011,71.2
 Bolivia (Plurinational State of),2011,51.6
 Bosnia and Herzegovina,2011,42.7
 Botswana,2011,19.8
 Brazil,2011,59.5
 Brunei Darussalam,2011,72.1
 Bulgaria,2011,34.6
 Burkina Faso,2011,20.4
 Burundi,2011,10.0
 Cabo Verde,2011,21.4
 Cambodia,2011,56.5
 Cameroon,2011,41.7
 Canada,2011,38.2
 Central African Republic,2011,35.7
 Chad,2011,4.3
 Chile,2011,22.2
 China,2011,21.5
 Colombia,2011,52.8
 Comoros,2011,20.7
 Congo,2011,65.6
 Congo (Democratic Republic of the),2011,67.9
 Costa Rica,2011,51.6
 Croatia,2011,34.3
 Cuba,2011,27.9
 Cyprus,2011,18.7
 Czechia,2011,34.4
 Côte d'Ivoire,2011,32.7
 Denmark,2011,14.0
 Djibouti,2011,0.2
 Dominica,2011,59.2
 Dominican Republic,2011,38.3
 Ecuador,2011,51.8
 Egypt,2011,0.1
 El Salvador,2011,13.6
 Equatorial Guinea,2011,57.6
 Eritrea,2011,15.1
 Estonia,2011,52.7
 Eswatini (Kingdom of),2011,33.0
 Ethiopia,2011,12.3
 Fiji,2011,54.6
 Finland,2011,73.1
 France,2011,30.2
 Gabon,2011,86.2
 Gambia,2011,47.6
 Georgia,2011,40.6
 Germany,2011,32.7
 Ghana,2011,40.5
 Greece,2011,30.5
 Grenada,2011,50.0
 Guatemala,2011,34.4
 Guinea,2011,26.5
 Guinea-Bissau,2011,71.6
 Guyana,2011,84.2
 Haiti,2011,3.6
 Honduras,2011,45.3
 Hungary,2011,22.7
 Iceland,2011,0.4
 India,2011,23.5
 Indonesia,2011,51.7
 Iran (Islamic Republic of),2011,6.6
 Iraq,2011,1.9
 Ireland,2011,10.6
 Israel,2011,7.2
 Italy,2011,30.9
 Jamaica,2011,31.1
 Japan,2011,68.5
 Jordan,2011,1.1
 Kazakhstan,2011,1.2
 Kenya,2011,7.5
 Kiribati,2011,15.0
 Korea (Democratic People's Rep. of),2011,46.0
 Korea (Republic of),2011,63.9
 Kuwait,2011,0.4
 Kyrgyzstan,2011,3.5
 Lao People's Democratic Republic,2011,78.0
 Latvia,2011,53.9
 Lebanon,2011,13.4
 Lesotho,2011,1.5
 Liberia,2011,44.6
 Libya,2011,0.1
 Liechtenstein,2011,43.1
 Lithuania,2011,34.7
 Luxembourg,2011,35.7
 Madagascar,2011,21.5
 Malawi,2011,34.1
 Malaysia,2011,67.4
 Maldives,2011,3.3
 Mali,2011,4.1
 Malta,2011,1.1
 Marshall Islands,2011,70.2
 Mauritania,2011,0.2
 Mauritius,2011,18.9
 Mexico,2011,34.2
 Micronesia (Federated States of),2011,91.7
 Moldova (Republic of),2011,11.9
 Mongolia,2011,8.3
 Montenegro,2011,61.5
 Morocco,2011,12.7
 Mozambique,2011,49.3
 Myanmar,2011,47.8
 Namibia,2011,8.8
 Nauru,2011,0.0
 Nepal,2011,25.4
 Netherlands,2011,11.1
 New Zealand,2011,38.6
 Nicaragua,2011,25.9
 Niger,2011,0.9
 Nigeria,2011,9.5
 North Macedonia,2011,39.6
 Norway,2011,33.1
 Oman,2011,0.0
 Pakistan,2011,2.1
 Palau,2011,87.6
" Palestine, State of",2011,1.5
 Panama,2011,63.0
 Papua New Guinea,2011,74.1
 Paraguay,2011,41.8
 Peru,2011,58.3
 Philippines,2011,23.7
 Poland,2011,30.5
 Portugal,2011,35.2
 Qatar,2011,0.0
 Romania,2011,28.6
 Russian Federation,2011,49.8
 Rwanda,2011,18.4
 Saint Kitts and Nevis,2011,42.3
 Saint Lucia,2011,33.7
 Saint Vincent and the Grenadines,2011,69.2
 Samoa,2011,60.4
 San Marino,2011,0.0
 Sao Tome and Principe,2011,55.8
 Saudi Arabia,2011,0.5
 Senegal,2011,43.8
 Serbia,2011,31.0
 Seychelles,2011,88.4
 Sierra Leone,2011,38.6
 Singapore,2011,23.2
 Slovakia,2011,40.3
 Slovenia,2011,61.9
 Solomon Islands,2011,78.9
 Somalia,2011,10.6
 South Africa,2011,7.6
 Spain,2011,36.6
 Sri Lanka,2011,33.4
 Suriname,2011,98.4
 Sweden,2011,68.4
 Switzerland,2011,31.3
 Syrian Arab Republic,2011,2.7
 Tajikistan,2011,2.9
 Tanzania (United Republic of),2011,53.7
 Thailand,2011,31.9
 Timor-Leste,2011,49.1
 Togo,2011,4.9
 Tonga,2011,12.5
 Trinidad and Tobago,2011,44.4
 Tunisia,2011,6.4
 Turkey,2011,14.7
 Turkmenistan,2011,8.8
 Tuvalu,2011,33.3
 Uganda,2011,13.1
 Ukraine,2011,16.5
 United Arab Emirates,2011,4.5
 United Kingdom,2011,12.7
 United States,2011,33.8
 Uruguay,2011,10.0
 Uzbekistan,2011,7.7
 Vanuatu,2011,36.1
 Venezuela (Bolivarian Republic of),2011,53.7
 Viet Nam,2011,46.0
 Yemen,2011,1.0
 Zambia,2011,66.3
 Zimbabwe,2011,39.6
 Afghanistan,2012,2.1
 Albania,2012,28.3
 Algeria,2012,0.8
 Andorra,2012,34.0
 Angola,2012,46.7
 Antigua and Barbuda,2012,22.3
 Argentina,2012,10.2
 Armenia,2012,11.6
 Australia,2012,16.1
 Austria,2012,46.8
 Azerbaijan,2012,12.8
 Bahamas,2012,51.4
 Bahrain,2012,0.7
 Bangladesh,2012,11.0
 Barbados,2012,14.7
 Belarus,2012,42.3
 Belgium,2012,22.5
 Belize,2012,60.6
 Benin,2012,39.6
 Bhutan,2012,71.5
 Bolivia (Plurinational State of),2012,51.4
 Bosnia and Herzegovina,2012,42.7
 Botswana,2012,19.7
 Brazil,2012,59.4
 Brunei Darussalam,2012,72.1
 Bulgaria,2012,34.7
 Burkina Faso,2012,20.2
 Burundi,2012,10.2
 Cabo Verde,2012,21.6
 Cambodia,2012,55.7
 Cameroon,2012,41.2
 Canada,2012,38.2
 Central African Republic,2012,35.7
 Chad,2012,4.2
 Chile,2012,22.6
 China,2012,21.7
 Colombia,2012,52.8
 Comoros,2012,20.5
 Congo,2012,65.5
 Congo (Democratic Republic of the),2012,67.7
 Costa Rica,2012,52.2
 Croatia,2012,34.3
 Cuba,2012,28.6
 Cyprus,2012,18.7
 Czechia,2012,34.5
 Côte d'Ivoire,2012,32.7
 Denmark,2012,14.2
 Djibouti,2012,0.2
 Dominica,2012,58.8
 Dominican Republic,2012,39.0
 Ecuador,2012,51.5
 Egypt,2012,0.1
 El Salvador,2012,13.4
 Equatorial Guinea,2012,57.1
 Eritrea,2012,15.1
 Estonia,2012,52.7
 Eswatini (Kingdom of),2012,33.3
 Ethiopia,2012,12.4
 Fiji,2012,54.9
 Finland,2012,73.1
 France,2012,30.4
 Gabon,2012,86.9
 Gambia,2012,47.7
 Georgia,2012,40.6
 Germany,2012,32.7
 Ghana,2012,40.7
 Greece,2012,30.7
 Grenada,2012,50.0
 Guatemala,2012,34.1
 Guinea,2012,26.3
 Guinea-Bissau,2012,71.2
 Guyana,2012,84.1
 Haiti,2012,3.6
 Honduras,2012,44.3
 Hungary,2012,22.7
 Iceland,2012,0.5
 India,2012,23.6
 Indonesia,2012,51.4
 Iran (Islamic Republic of),2012,6.6
 Iraq,2012,1.9
 Ireland,2012,10.7
 Israel,2012,7.3
 Italy,2012,31.1
 Jamaica,2012,31.1
 Japan,2012,68.5
 Jordan,2012,1.1
 Kazakhstan,2012,1.2
 Kenya,2012,7.6
 Kiribati,2012,15.0
 Korea (Democratic People's Rep. of),2012,44.9
 Korea (Republic of),2012,63.8
 Kuwait,2012,0.4
 Kyrgyzstan,2012,3.4
 Lao People's Democratic Republic,2012,78.8
 Latvia,2012,54.0
 Lebanon,2012,13.4
 Lesotho,2012,1.5
 Liberia,2012,44.3
 Libya,2012,0.1
 Liechtenstein,2012,43.1
 Lithuania,2012,34.7
 Luxembourg,2012,35.7
 Madagascar,2012,21.5
 Malawi,2012,34.0
 Malaysia,2012,67.4
 Maldives,2012,3.3
 Mali,2012,4.1
 Malta,2012,1.1
 Marshall Islands,2012,70.2
 Mauritania,2012,0.2
 Mauritius,2012,19.0
 Mexico,2012,34.1
 Micronesia (Federated States of),2012,91.7
 Moldova (Republic of),2012,12.0
 Mongolia,2012,8.3
 Montenegro,2012,61.5
 Morocco,2012,12.7
 Mozambique,2012,49.0
 Myanmar,2012,47.0
 Namibia,2012,8.7
 Nauru,2012,0.0
 Nepal,2012,25.4
 Netherlands,2012,11.1
 New Zealand,2012,38.6
 Nicaragua,2012,25.9
 Niger,2012,0.9
 Nigeria,2012,9.0
 North Macedonia,2012,39.6
 Norway,2012,33.1
 Oman,2012,0.0
 Pakistan,2012,2.1
 Palau,2012,87.6
" Palestine, State of",2012,1.5
 Panama,2012,62.8
 Papua New Guinea,2012,74.1
 Paraguay,2012,41.0
 Peru,2012,58.2
 Philippines,2012,24.6
 Poland,2012,30.6
 Portugal,2012,35.1
 Qatar,2012,0.0
 Romania,2012,28.9
 Russian Federation,2012,49.8
 Rwanda,2012,18.6
 Saint Kitts and Nevis,2012,42.3
 Saint Lucia,2012,33.6
 Saint Vincent and the Grenadines,2012,69.2
 Samoa,2012,60.4
 San Marino,2012,0.0
 Sao Tome and Principe,2012,55.8
 Saudi Arabia,2012,0.5
 Senegal,2012,43.6
 Serbia,2012,31.1
 Seychelles,2012,88.4
 Sierra Leone,2012,39.5
 Singapore,2012,23.2
 Slovakia,2012,40.3
 Slovenia,2012,61.9
 Solomon Islands,2012,78.7
 Somalia,2012,10.5
 South Africa,2012,7.6
 Spain,2012,36.6
 Sri Lanka,2012,33.3
 Suriname,2012,98.4
 Sweden,2012,68.9
 Switzerland,2012,31.4
 Syrian Arab Republic,2012,2.7
 Tajikistan,2012,2.9
 Tanzania (United Republic of),2012,53.3
 Thailand,2012,31.9
 Timor-Leste,2012,48.4
 Togo,2012,4.5
 Tonga,2012,12.5
 Trinidad and Tobago,2012,44.8
 Tunisia,2012,6.5
 Turkey,2012,14.8
 Turkmenistan,2012,8.8
 Tuvalu,2012,33.3
 Uganda,2012,12.4
 Ukraine,2012,16.6
 United Arab Emirates,2012,4.5
 United Kingdom,2012,12.8
 United States,2012,33.8
 Uruguay,2012,10.2
 Uzbekistan,2012,7.6
 Vanuatu,2012,36.1
 Venezuela (Bolivarian Republic of),2012,53.5
 Viet Nam,2012,46.4
 Yemen,2012,1.0
 Zambia,2012,66.1
 Zimbabwe,2012,38.8
 Afghanistan,2013,2.1
 Albania,2013,28.2
 Algeria,2013,0.8
 Andorra,2013,34.0
 Angola,2013,46.6
 Antigua and Barbuda,2013,22.3
 Argentina,2013,10.1
 Armenia,2013,11.6
 Australia,2013,16.2
 Austria,2013,46.8
 Azerbaijan,2013,13.2
 Bahamas,2013,51.4
 Bahrain,2013,0.7
 Bangladesh,2013,11.0
 Barbados,2013,14.7
 Belarus,2013,42.4
 Belgium,2013,22.5
 Belize,2013,60.3
 Benin,2013,39.1
 Bhutan,2013,71.8
 Bolivia (Plurinational State of),2013,51.1
 Bosnia and Herzegovina,2013,42.7
 Botswana,2013,19.5
 Brazil,2013,59.3
 Brunei Darussalam,2013,72.1
 Bulgaria,2013,34.9
 Burkina Faso,2013,20.0
 Burundi,2013,10.4
 Cabo Verde,2013,21.8
 Cambodia,2013,55.0
 Cameroon,2013,40.7
 Canada,2013,38.2
 Central African Republic,2013,35.6
 Chad,2013,4.1
 Chile,2013,23.0
 China,2013,21.9
 Colombia,2013,52.8
 Comoros,2013,20.3
 Congo,2013,65.5
 Congo (Democratic Republic of the),2013,67.6
 Costa Rica,2013,52.8
 Croatia,2013,34.3
 Cuba,2013,29.7
 Cyprus,2013,18.7
 Czechia,2013,34.5
 Côte d'Ivoire,2013,32.7
 Denmark,2013,14.3
 Djibouti,2013,0.2
 Dominica,2013,58.5
 Dominican Republic,2013,39.7
 Ecuador,2013,51.2
 Egypt,2013,0.1
 El Salvador,2013,13.2
 Equatorial Guinea,2013,56.7
 Eritrea,2013,15.0
 Estonia,2013,51.4
 Eswatini (Kingdom of),2013,33.5
 Ethiopia,2013,12.4
 Fiji,2013,55.1
 Finland,2013,73.1
 France,2013,30.6
 Gabon,2013,87.7
 Gambia,2013,47.9
 Georgia,2013,40.6
 Germany,2013,32.7
 Ghana,2013,40.8
 Greece,2013,31.0
 Grenada,2013,50.0
 Guatemala,2013,33.7
 Guinea,2013,26.2
 Guinea-Bissau,2013,70.8
 Guyana,2013,84.1
 Haiti,2013,3.6
 Honduras,2013,43.2
 Hungary,2013,22.8
 Iceland,2013,0.5
 India,2013,23.7
 Indonesia,2013,51.0
 Iran (Islamic Republic of),2013,6.6
 Iraq,2013,1.9
 Ireland,2013,10.8
 Israel,2013,7.4
 Italy,2013,31.2
 Jamaica,2013,31.0
 Japan,2013,68.5
 Jordan,2013,1.1
 Kazakhstan,2013,1.2
 Kenya,2013,7.6
 Kiribati,2013,15.0
 Korea (Democratic People's Rep. of),2013,43.9
 Korea (Republic of),2013,63.6
 Kuwait,2013,0.4
 Kyrgyzstan,2013,3.4
 Lao People's Democratic Republic,2013,79.6
 Latvia,2013,54.0
 Lebanon,2013,13.4
 Lesotho,2013,1.5
 Liberia,2013,44.0
 Libya,2013,0.1
 Liechtenstein,2013,43.1
 Lithuania,2013,34.7
 Luxembourg,2013,35.7
 Madagascar,2013,21.5
 Malawi,2013,33.8
 Malaysia,2013,67.5
 Maldives,2013,3.3
 Mali,2013,4.0
 Malta,2013,1.1
 Marshall Islands,2013,70.2
 Mauritania,2013,0.2
 Mauritius,2013,19.0
 Mexico,2013,34.1
 Micronesia (Federated States of),2013,91.7
 Moldova (Republic of),2013,12.2
 Mongolia,2013,8.2
 Montenegro,2013,61.5
 Morocco,2013,12.7
 Mozambique,2013,48.8
 Myanmar,2013,46.1
 Namibia,2013,8.6
 Nauru,2013,0.0
 Nepal,2013,25.4
 Netherlands,2013,11.1
 New Zealand,2013,38.6
 Nicaragua,2013,25.9
 Niger,2013,0.9
 Nigeria,2013,8.6
 North Macedonia,2013,39.6
 Norway,2013,33.2
 Oman,2013,0.0
 Pakistan,2013,2.0
 Palau,2013,87.6
" Palestine, State of",2013,1.5
 Panama,2013,62.5
 Papua New Guinea,2013,74.1
 Paraguay,2013,40.2
 Peru,2013,58.1
 Philippines,2013,25.4
 Poland,2013,30.7
 Portugal,2013,35.0
 Qatar,2013,0.0
 Romania,2013,29.2
 Russian Federation,2013,49.8
 Rwanda,2013,18.9
 Saint Kitts and Nevis,2013,42.3
 Saint Lucia,2013,33.5
 Saint Vincent and the Grenadines,2013,69.2
 Samoa,2013,60.4
 San Marino,2013,0.0
 Sao Tome and Principe,2013,55.8
 Saudi Arabia,2013,0.5
 Senegal,2013,43.4
 Serbia,2013,31.1
 Seychelles,2013,88.4
 Sierra Leone,2013,40.4
 Singapore,2013,23.1
 Slovakia,2013,40.3
 Slovenia,2013,61.9
 Solomon Islands,2013,78.5
 Somalia,2013,10.4
 South Africa,2013,7.6
 Spain,2013,36.7
 Sri Lanka,2013,33.2
 Suriname,2013,98.3
 Sweden,2013,68.9
 Switzerland,2013,31.5
 Syrian Arab Republic,2013,2.7
 Tajikistan,2013,2.9
 Tanzania (United Republic of),2013,52.8
 Thailand,2013,32.0
 Timor-Leste,2013,47.6
 Togo,2013,4.2
 Tonga,2013,12.5
 Trinidad and Tobago,2013,45.1
 Tunisia,2013,6.6
 Turkey,2013,15.0
 Turkmenistan,2013,8.8
 Tuvalu,2013,33.3
 Uganda,2013,11.7
 Ukraine,2013,16.6
 United Arab Emirates,2013,4.5
 United Kingdom,2013,12.9
 United States,2013,33.8
 Uruguay,2013,10.3
 Uzbekistan,2013,7.6
 Vanuatu,2013,36.1
 Venezuela (Bolivarian Republic of),2013,53.3
 Viet Nam,2013,46.8
 Yemen,2013,1.0
 Zambia,2013,65.9
 Zimbabwe,2013,38.0
 Afghanistan,2014,2.1
 Albania,2014,28.2
 Algeria,2014,0.8
 Andorra,2014,34.0
 Angola,2014,46.5
 Antigua and Barbuda,2014,22.3
 Argentina,2014,10.0
 Armenia,2014,11.7
 Australia,2014,16.2
 Austria,2014,46.9
 Azerbaijan,2014,13.5
 Bahamas,2014,51.4
 Bahrain,2014,0.8
 Bangladesh,2014,11.0
 Barbados,2014,14.7
 Belarus,2014,42.4
 Belgium,2014,22.6
 Belize,2014,60.1
 Benin,2014,38.7
 Bhutan,2014,72.0
 Bolivia (Plurinational State of),2014,50.8
 Bosnia and Herzegovina,2014,42.7
 Botswana,2014,19.3
 Brazil,2014,59.2
 Brunei Darussalam,2014,72.1
 Bulgaria,2014,35.1
 Burkina Faso,2014,19.8
 Burundi,2014,10.6
 Cabo Verde,2014,22.1
 Cambodia,2014,54.3
 Cameroon,2014,40.3
 Canada,2014,38.2
 Central African Republic,2014,35.6
 Chad,2014,4.0
 Chile,2014,23.4
 China,2014,22.0
 Colombia,2014,52.8
 Comoros,2014,20.1
 Congo,2014,65.4
 Congo (Democratic Republic of the),2014,67.4
 Costa Rica,2014,53.4
 Croatia,2014,34.3
 Cuba,2014,30.2
 Cyprus,2014,18.7
 Czechia,2014,34.5
 Côte d'Ivoire,2014,32.7
 Denmark,2014,14.5
 Djibouti,2014,0.2
 Dominica,2014,58.1
 Dominican Republic,2014,40.4
 Ecuador,2014,50.8
 Egypt,2014,0.1
 El Salvador,2014,13.0
 Equatorial Guinea,2014,56.3
 Eritrea,2014,15.0
 Estonia,2014,51.4
 Eswatini (Kingdom of),2014,33.8
 Ethiopia,2014,12.5
 Fiji,2014,55.4
 Finland,2014,73.1
 France,2014,30.8
 Gabon,2014,88.5
 Gambia,2014,48.1
 Georgia,2014,40.6
 Germany,2014,32.7
 Ghana,2014,40.9
 Greece,2014,31.2
 Grenada,2014,50.0
 Guatemala,2014,33.4
 Guinea,2014,26.0
 Guinea-Bissau,2014,70.5
 Guyana,2014,84.0
 Haiti,2014,3.5
 Honduras,2014,42.1
 Hungary,2014,22.8
 Iceland,2014,0.5
 India,2014,23.7
 Indonesia,2014,50.6
 Iran (Islamic Republic of),2014,6.6
 Iraq,2014,1.9
 Ireland,2014,10.9
 Israel,2014,7.5
 Italy,2014,31.4
 Jamaica,2014,31.0
 Japan,2014,68.5
 Jordan,2014,1.1
 Kazakhstan,2014,1.2
 Kenya,2014,7.7
 Kiribati,2014,15.0
 Korea (Democratic People's Rep. of),2014,42.8
 Korea (Republic of),2014,63.5
 Kuwait,2014,0.4
 Kyrgyzstan,2014,3.4
 Lao People's Democratic Republic,2014,80.5
 Latvia,2014,54.0
 Lebanon,2014,13.4
 Lesotho,2014,1.6
 Liberia,2014,43.7
 Libya,2014,0.1
 Liechtenstein,2014,43.1
 Lithuania,2014,34.8
 Luxembourg,2014,35.7
 Madagascar,2014,21.5
 Malawi,2014,33.6
 Malaysia,2014,67.5
 Maldives,2014,3.3
 Mali,2014,3.9
 Malta,2014,1.1
 Marshall Islands,2014,70.2
 Mauritania,2014,0.2
 Mauritius,2014,19.0
 Mexico,2014,34.0
 Micronesia (Federated States of),2014,91.8
 Moldova (Republic of),2014,12.3
 Mongolia,2014,8.1
 Montenegro,2014,61.5
 Morocco,2014,12.6
 Mozambique,2014,48.5
 Myanmar,2014,45.3
 Namibia,2014,8.5
 Nauru,2014,0.0
 Nepal,2014,25.4
 Netherlands,2014,11.1
 New Zealand,2014,38.6
 Nicaragua,2014,25.9
 Niger,2014,0.9
 Nigeria,2014,8.1
 North Macedonia,2014,39.6
 Norway,2014,33.2
 Oman,2014,0.0
 Pakistan,2014,2.0
 Palau,2014,87.6
" Palestine, State of",2014,1.5
 Panama,2014,62.3
 Papua New Guinea,2014,74.1
 Paraguay,2014,39.4
 Peru,2014,57.9
 Philippines,2014,26.2
 Poland,2014,30.7
 Portugal,2014,34.9
 Qatar,2014,0.0
 Romania,2014,29.5
 Russian Federation,2014,49.8
 Rwanda,2014,19.2
 Saint Kitts and Nevis,2014,42.3
 Saint Lucia,2014,33.4
 Saint Vincent and the Grenadines,2014,69.2
 Samoa,2014,60.4
 San Marino,2014,0.0
 Sao Tome and Principe,2014,55.8
 Saudi Arabia,2014,0.5
 Senegal,2014,43.2
 Serbia,2014,31.1
 Seychelles,2014,88.4
 Sierra Leone,2014,41.3
 Singapore,2014,23.1
 Slovakia,2014,40.3
 Slovenia,2014,62.0
 Solomon Islands,2014,78.3
 Somalia,2014,10.3
 South Africa,2014,7.6
 Spain,2014,36.8
 Sri Lanka,2014,33.1
 Suriname,2014,98.3
 Sweden,2014,68.9
 Switzerland,2014,31.6
 Syrian Arab Republic,2014,2.7
 Tajikistan,2014,3.0
 Tanzania (United Republic of),2014,52.4
 Thailand,2014,32.0
 Timor-Leste,2014,46.9
 Togo,2014,3.8
 Tonga,2014,12.5
 Trinidad and Tobago,2014,45.4
 Tunisia,2014,6.6
 Turkey,2014,15.1
 Turkmenistan,2014,8.8
 Tuvalu,2014,33.3
 Uganda,2014,11.0
 Ukraine,2014,16.6
 United Arab Emirates,2014,4.5
 United Kingdom,2014,12.9
 United States,2014,33.9
 Uruguay,2014,10.4
 Uzbekistan,2014,7.6
 Vanuatu,2014,36.1
 Venezuela (Bolivarian Republic of),2014,53.1
 Viet Nam,2014,47.2
 Yemen,2014,1.0
 Zambia,2014,65.6
 Zimbabwe,2014,37.2
 Afghanistan,2015,2.1
 Albania,2015,28.2
 Algeria,2015,0.8
 Andorra,2015,34.0
 Angola,2015,46.4
 Antigua and Barbuda,2015,22.3
 Argentina,2015,9.9
 Armenia,2015,11.7
 Australia,2015,16.2
 Austria,2015,46.9
 Azerbaijan,2015,13.8
 Bahamas,2015,51.4
 Bahrain,2015,0.8
 Bangladesh,2015,11.0
 Barbados,2015,14.7
 Belarus,2015,42.5
 Belgium,2015,22.6
 Belize,2015,59.9
 Benin,2015,38.2
 Bhutan,2015,72.3
 Bolivia (Plurinational State of),2015,50.6
 Bosnia and Herzegovina,2015,42.7
 Botswana,2015,19.1
 Brazil,2015,59.0
 Brunei Darussalam,2015,72.1
 Bulgaria,2015,35.2
 Burkina Faso,2015,19.6
 Burundi,2015,10.7
 Cabo Verde,2015,22.3
 Cambodia,2015,53.6
 Cameroon,2015,39.8
 Canada,2015,38.2
 Central African Republic,2015,35.6
 Chad,2015,3.9
 Chile,2015,23.9
 China,2015,22.2
 Colombia,2015,52.7
 Comoros,2015,19.9
 Congo,2015,65.4
 Congo (Democratic Republic of the),2015,67.3
 Costa Rica,2015,54.0
 Croatia,2015,34.3
 Cuba,2015,30.8
 Cyprus,2015,18.7
 Czechia,2015,34.5
 Côte d'Ivoire,2015,32.7
 Denmark,2015,14.6
 Djibouti,2015,0.2
 Dominica,2015,57.8
 Dominican Republic,2015,41.0
 Ecuador,2015,50.5
 Egypt,2015,0.1
 El Salvador,2015,12.8
 Equatorial Guinea,2015,55.9
 Eritrea,2015,15.0
 Estonia,2015,51.3
 Eswatini (Kingdom of),2015,34.1
 Ethiopia,2015,12.5
 Fiji,2015,55.7
 Finland,2015,73.1
 France,2015,31.0
 Gabon,2015,89.3
 Gambia,2015,48.2
 Georgia,2015,40.6
 Germany,2015,32.7
 Ghana,2015,41.0
 Greece,2015,31.5
 Grenada,2015,50.0
 Guatemala,2015,33.0
 Guinea,2015,25.9
 Guinea-Bissau,2015,70.1
 Guyana,2015,84.0
 Haiti,2015,3.5
 Honduras,2015,41.0
 Hungary,2015,22.9
 Iceland,2015,0.5
 India,2015,23.8
 Indonesia,2015,50.2
 Iran (Islamic Republic of),2015,6.6
 Iraq,2015,1.9
 Ireland,2015,10.9
 Israel,2015,7.6
 Italy,2015,31.6
 Jamaica,2015,31.0
 Japan,2015,68.5
 Jordan,2015,1.1
 Kazakhstan,2015,1.2
 Kenya,2015,7.8
 Kiribati,2015,15.0
 Korea (Democratic People's Rep. of),2015,41.8
 Korea (Republic of),2015,63.5
 Kuwait,2015,0.4
 Kyrgyzstan,2015,3.3
 Lao People's Democratic Republic,2015,81.3
 Latvia,2015,54.0
 Lebanon,2015,13.4
 Lesotho,2015,1.6
 Liberia,2015,43.4
 Libya,2015,0.1
 Liechtenstein,2015,43.1
 Lithuania,2015,34.8
 Luxembourg,2015,35.7
 Madagascar,2015,21.4
 Malawi,2015,33.4
 Malaysia,2015,67.6
 Maldives,2015,3.3
 Mali,2015,3.9
 Malta,2015,1.1
 Marshall Islands,2015,70.2
 Mauritania,2015,0.2
 Mauritius,2015,19.0
 Mexico,2015,34.0
 Micronesia (Federated States of),2015,91.8
 Moldova (Republic of),2015,12.4
 Mongolia,2015,8.1
 Montenegro,2015,61.5
 Morocco,2015,12.6
 Mozambique,2015,48.2
 Myanmar,2015,44.5
 Namibia,2015,8.4
 Nauru,2015,0.0
 Nepal,2015,25.4
 Netherlands,2015,11.2
 New Zealand,2015,38.6
 Nicaragua,2015,25.9
 Niger,2015,0.9
 Nigeria,2015,7.7
 North Macedonia,2015,39.6
 Norway,2015,33.2
 Oman,2015,0.0
 Pakistan,2015,1.9
 Palau,2015,87.6
" Palestine, State of",2015,1.5
 Panama,2015,62.1
 Papua New Guinea,2015,74.1
 Paraguay,2015,38.6
 Peru,2015,57.8
 Philippines,2015,27.0
 Poland,2015,30.8
 Portugal,2015,34.7
 Qatar,2015,0.0
 Romania,2015,29.8
 Russian Federation,2015,49.8
 Rwanda,2015,19.5
 Saint Kitts and Nevis,2015,42.3
 Saint Lucia,2015,33.3
 Saint Vincent and the Grenadines,2015,69.2
 Samoa,2015,60.4
 San Marino,2015,0.0
 Sao Tome and Principe,2015,55.8
 Saudi Arabia,2015,0.5
 Senegal,2015,43.0
 Serbia,2015,31.1
 Seychelles,2015,88.4
 Sierra Leone,2015,42.2
 Singapore,2015,23.1
 Slovakia,2015,40.3
 Slovenia,2015,62.0
 Solomon Islands,2015,78.1
 Somalia,2015,10.1
 South Africa,2015,7.6
 Spain,2015,36.9
 Sri Lanka,2015,33.0
 Suriname,2015,98.3
 Sweden,2015,68.9
 Switzerland,2015,31.7
 Syrian Arab Republic,2015,2.7
 Tajikistan,2015,3.0
 Tanzania (United Republic of),2015,52.0
 Thailand,2015,32.1
 Timor-Leste,2015,46.1
 Togo,2015,3.5
 Tonga,2015,12.5
 Trinidad and Tobago,2015,45.7
 Tunisia,2015,6.7
 Turkey,2015,15.2
 Turkmenistan,2015,8.8
 Tuvalu,2015,33.3
 Uganda,2015,10.4
 Ukraine,2015,16.7
 United Arab Emirates,2015,4.5
 United Kingdom,2015,13.0
 United States,2015,33.9
 Uruguay,2015,10.5
 Uzbekistan,2015,7.6
 Vanuatu,2015,36.1
 Venezuela (Bolivarian Republic of),2015,52.9
 Viet Nam,2015,47.6
 Yemen,2015,1.0
 Zambia,2015,65.4
 Zimbabwe,2015,36.4
 Afghanistan,2016,2.1
 Albania,2016,28.1
 Algeria,2016,0.8
 Andorra,2016,34.0
 Angola,2016,46.3
 Antigua and Barbuda,2016,22.3
 Argentina,2016,9.8
 Armenia,2016,11.7
 Australia,2016,16.3
 Austria,2016,46.9
 Azerbaijan,2016,14.1
 Bahamas,2016,51.4
 Bahrain,2016,0.8
 Bangladesh,2016,11.0
 Barbados,2016,14.7
 Belarus,2016,42.6
 Belgium,2016,22.6
 Belize,2016,59.7
 Benin,2016,37.8
 Bhutan,2016,72.5
 Bolivia (Plurinational State of),2016,50.3
 Bosnia and Herzegovina,2016,42.7
 Botswana,2016,18.9
 Brazil,2016,58.9
 Brunei Darussalam,2016,72.1
 Bulgaria,2016,35.4
 Burkina Faso,2016,19.3
 Burundi,2016,10.9
 Cabo Verde,2016,22.5
 Cambodia,2016,52.9
 Cameroon,2016,39.3
 Canada,2016,38.2
 Central African Republic,2016,35.6
 Chad,2016,3.8
 Chile,2016,24.3
 China,2016,22.4
 Colombia,2016,52.7
 Comoros,2016,19.7
 Congo,2016,65.4
 Congo (Democratic Republic of the),2016,67.2
 Costa Rica,2016,54.6
 Croatia,2016,34.4
 Cuba,2016,31.3
 Cyprus,2016,18.7
 Czechia,2016,34.6
 Côte d'Ivoire,2016,32.7
 Denmark,2016,14.7
 Djibouti,2016,0.2
 Dominica,2016,57.4
 Dominican Republic,2016,41.7
 Ecuador,2016,50.2
 Egypt,2016,0.1
 El Salvador,2016,12.6
 Equatorial Guinea,2016,55.5
 Eritrea,2016,14.9
 Estonia,2016,51.3
 Eswatini (Kingdom of),2016,34.3
 Ethiopia,2016,12.5
 Fiji,2016,55.9
 Finland,2016,73.1
 France,2016,31.2
 Gabon,2016,90.0
 Gambia,2016,48.4
 Georgia,2016,40.6
 Germany,2016,32.7
 Ghana,2016,41.2
 Greece,2016,31.7
 Grenada,2016,50.0
 Guatemala,2016,32.7
 Guinea,2016,25.8
 Guinea-Bissau,2016,69.8
 Guyana,2016,83.9
 Haiti,2016,3.5
 Honduras,2016,40.0
 Hungary,2016,22.9
 Iceland,2016,0.5
 India,2016,23.8
 Indonesia,2016,49.9
 Iran (Islamic Republic of),2016,6.6
 Iraq,2016,1.9
 Ireland,2016,11.0
 Israel,2016,7.7
 Italy,2016,31.8
 Jamaica,2016,30.9
 Japan,2016,68.5
 Jordan,2016,1.1
 Kazakhstan,2016,1.2
 Kenya,2016,7.8
 Kiribati,2016,15.0
 Korea (Democratic People's Rep. of),2016,40.7
 Korea (Republic of),2016,63.4
 Kuwait,2016,0.4
 Kyrgyzstan,2016,3.3
 Lao People's Democratic Republic,2016,82.1
 Latvia,2016,54.0
 Lebanon,2016,13.4
 Lesotho,2016,1.6
 Liberia,2016,43.1
 Libya,2016,0.1
 Liechtenstein,2016,43.1
 Lithuania,2016,34.8
 Luxembourg,2016,35.7
 Madagascar,2016,21.4
 Malawi,2016,33.2
 Malaysia,2016,67.6
 Maldives,2016,3.3
 Mali,2016,3.8
 Malta,2016,1.1
 Marshall Islands,2016,70.2
 Mauritania,2016,0.2
 Mauritius,2016,19.0
 Mexico,2016,33.9
 Micronesia (Federated States of),2016,91.9
 Moldova (Republic of),2016,12.6
 Mongolia,2016,8.0
 Montenegro,2016,61.5
 Morocco,2016,12.6
 Mozambique,2016,48.0
 Myanmar,2016,43.6
 Namibia,2016,8.3
 Nauru,2016,0.0
 Nepal,2016,25.4
 Netherlands,2016,11.2
 New Zealand,2016,38.6
 Nicaragua,2016,25.9
 Niger,2016,0.9
 Nigeria,2016,7.2
 North Macedonia,2016,39.6
 Norway,2016,33.2
 Oman,2016,0.0
 Pakistan,2016,1.9
 Palau,2016,87.6
" Palestine, State of",2016,1.5
 Panama,2016,61.9
 Papua New Guinea,2016,74.1
 Paraguay,2016,37.7
 Peru,2016,57.7
 Philippines,2016,27.8
 Poland,2016,30.9
 Portugal,2016,34.6
 Qatar,2016,0.0
 Romania,2016,30.1
 Russian Federation,2016,49.8
 Rwanda,2016,19.7
 Saint Kitts and Nevis,2016,42.3
 Saint Lucia,2016,33.2
 Saint Vincent and the Grenadines,2016,69.2
 Samoa,2016,60.4
 San Marino,2016,0.0
 Sao Tome and Principe,2016,55.8
 Saudi Arabia,2016,0.5
 Senegal,2016,42.8
 Serbia,2016,31.1
 Seychelles,2016,88.4
 Sierra Leone,2016,43.1
 Singapore,2016,23.1
 Slovakia,2016,40.4
 Slovenia,2016,62.0
 Solomon Islands,2016,77.9
 Somalia,2016,10.0
 South Africa,2016,7.6
 Spain,2016,36.9
 Sri Lanka,2016,32.9
 Suriname,2016,98.3
 Sweden,2016,68.9
 Switzerland,2016,31.8
 Syrian Arab Republic,2016,2.7
 Tajikistan,2016,3.0
 Tanzania (United Republic of),2016,51.6
 Thailand,2016,32.2
 Timor-Leste,2016,45.4
 Togo,2016,3.1
 Tonga,2016,12.5
 Trinidad and Tobago,2016,46.0
 Tunisia,2016,6.8
 Turkey,2016,15.4
 Turkmenistan,2016,8.8
 Tuvalu,2016,33.3
 Uganda,2016,9.7
 Ukraine,2016,16.7
 United Arab Emirates,2016,4.6
 United Kingdom,2016,13.1
 United States,2016,33.9
 Uruguay,2016,10.7
 Uzbekistan,2016,7.5
 Vanuatu,2016,36.1
 Venezuela (Bolivarian Republic of),2016,52.7
 Viet Nam,2016,48.1
 Yemen,2016,1.0
 Zambia,2016,65.2
 Zimbabwe,2016,35.5
